,lda_class_all,var_class_all,dist_class_all,can
0,"{2: [0.5902950020374551, 0.4838131733346805, 0.1345374635453657], 1: [0.33380803764615485, 1.0758929011827922], 3: [0.24461875756541215, 0.6186156137507498], 4: [0.6242468780613266], 0: [0.500609097697627]}","{2: [0.5605711533471428, 0.9780335748912447, 0.5132753049632338], 1: [0.5890108194800727, 0.8838490276995433], 3: [0.4867422207531716, 0.8108334339661584], 4: [0.879210852022054], 0: [0.9154895892852274]}","{0: [0.005914374656077648], 1: [0.027112776819261285, 0.009929946321643799], 2: [0.08683198910103478, 0.05569042441401896, 0.00800088751500478, 0.040185258426487416], 3: [0.05796475741343385, 0, 0.060245219640145745, 0.01590188930055567, 0.14774392500017422, 0], 4: [0, 0.12584482911954048, 0, 0.020512403324558], 5: [0.02934272708582808, 0]}","[1, 1, 2]"
1,"{3: [0.07881272331728179, 0.24461875756541215, 0.6135892723134878], 2: [0.5902950020374551, 0.47944785468075113, 0.09652383436082769], 1: [0.33380803764615485, 1.0592360393701183], 4: [0.5891102676441017], 0: [0.500609097697627]}","{3: [0.5775971275771593, 0.4867422207531716, 0.7939571769337624], 2: [0.5605711533471428, 0.9795849348910783, 0.46570833613759094], 1: [0.5890108194800727, 0.9099631580556171], 4: [0.8831155471271728], 0: [0.9154895892852274]}","{0: [0.005914374656077648], 1: [0.027112776819261285, 0.009929946321643799], 2: [0.08683198910103478, 0.05569042441401896, 0.008234215642834589, 0.03295345532475912], 3: [0.05796475741343385, 0, 0.060245219640145745, 0.016761098670275254, 0.14774392500017422, 0], 4: [0.352774853483472, 0, 0, 0.12584482911954048, 0.3136717932528767, 0.02231721085941942], 5: [0.03392218646775095, 0]}","[2, 1, 2]"
2,"{3: [0.04647032105205933, 0.1441177153164537, 0.6135892723134878], 2: [0.5902950020374551, 0.47944785468075113, 0.09652383436082769], 1: [0.33380803764615485, 1.0592360393701183], 5: [0.04220109989947012], 4: [0.33906993990229595], 0: [0.500609097697627]}","{3: [0.5129740279727041, 0.49245714186725303, 0.7939571769337624], 2: [0.5605711533471428, 0.9795849348910783, 0.46570833613759094], 1: [0.5890108194800727, 0.9099631580556171], 5: [0.9431402048390102], 4: [0.6154196227610388], 0: [0.9154895892852274]}","{0: [0.005914374656077648], 1: [0.027112776819261285, 0.009929946321643799], 2: [0.08683198910103478, 0.05569042441401896, 0.008234215642834589, 0.03295345532475912], 3: [0.05796475741343385, 0, 0.060245219640145745, 0.016761098670275254, 0.14774392500017422, 0], 4: [0.528872015911122, 0, 0.18212448161013975, 0, 0.3136717932528767, 0.02231721085941942], 5: [0.09951671495042384, 0.04474530900384388], 6: [1.0, 0]}","[3, 1, 2]"
3,"{2: [0.7542005060750294, 0.38798339608232646, 0.6395063101827615, 0.1930831597044332], 3: [0.10303203397694766, 0.7423503560759582], 1: [0.6536164088135443, 0.9204391585343137], 5: [0.04334286350502719], 4: [0.34308168534325656], 0: [0.4310377790473448]}","{2: [0.6571866177583015, 0.6147682593302134, 0.7361480728230279, 0.5091568368724083], 3: [0.5548608358007209, 0.8620393626118439], 1: [0.9244933638933669, 0.9172684898730533], 5: [0.915866174008063], 4: [0.7302705023207468], 0: [0.9067605913217341]}","{0: [0.005914374656077648], 1: [0.017613412810799513, 0.014027359170499987], 2: [0.027738842849564804, 0.04260678880972123, 0.015608001376771988, 0.029009394280389178], 3: [0.024079335605676693, 0.4644165311360761, 0.08716906779126286, 0.10317195481633848, 0.3269034958789192, 0.017824755024229182, 0.09666391894855425, 0.14552543947884863], 4: [0.38427170339866606, 0, 0.02107693310994149, 0.40312013075671843], 5: [1.0, 0.04493330788334214], 6: [0.572394791872198, 0]}","[5, 1, 2]"
4,"{2: [0.7542005060750294, 0.38798339608232646, 0.6323373162306046, 0.1930831597044332], 3: [0.10303203397694766, 0.6592679221597109, 0.07922527509734154], 1: [0.6536164088135443, 0.9204391585343137], 5: [0.06866352502101973], 4: [0.2816270401048864], 0: [0.4310377790473448]}","{2: [0.6571866177583015, 0.6147682593302134, 0.74919653454418, 0.5091568368724083], 3: [0.5548608358007209, 0.888443236821351, 0.8195951080723949], 1: [0.9244933638933669, 0.9172684898730533], 5: [0.9498791929693683], 4: [0.6826500900914979], 0: [0.9067605913217341]}","{0: [0.005914374656077648], 1: [0.017613412810799513, 0.014027359170499987], 2: [0.027738842849564804, 0.04260678880972123, 0.015608001376771988, 0.029009394280389178], 3: [0.024079335605676693, 0.4644165311360761, 0.08716906779126286, 0.10317195481633848, 0.14603840374958157, 0.01786665583439033, 0.09666391894855425, 0.14552543947884863], 4: [0.38427170339866606, 0, 0.5573184950365309, 0.02456147482863813, 1.0, 0], 5: [1.0, 0.059559330608681335], 6: [0, 0.49434856674303645]}","[7, 1, 2]"
5,"{3: [0.07883734284663889, 0.1087017851867366, 0.10303203397694766, 0.04923078481066365, 0.27020216681370335, 0.3088829918566084], 2: [0.3562242117021218, 0.38798339608232646, 0.3892234264132014, 0.24552949553013254], 1: [0.6446282840549987, 0.7782454860580069], 0: [0.4125861117270838]}","{3: [0.922665151910839, 0.44019040501826934, 0.5548608358007209, 0.9646732787695461, 0.5847136902067152, 0.5247476535585387], 2: [0.5478793404569956, 0.6147682593302134, 0.6564154495926151, 0.8031907283068594], 1: [0.9150395066835902, 0.7387121479547055], 0: [0.902229654791727]}","{0: [0.005914374656077648], 1: [0.01848761664850784, 0.014448176368924637], 2: [0.02814426802169082, 0.04260678880972123, 0.021837519281036964, 0.014524374784103667], 3: [0.0854452372926048, 0.04928294933351156, 0.08716906779126286, 0.10317195481633848, 0.23538235717259795, 0.03704193716214554, 0.06069251915206523, 0.07849155868114314], 4: [0, 1.0, 0, 0.2020576765411131, 0.38427170339866606, 0, 0.39240159573235933, 0, 0, 0.13068247626993015, 0, 0.13152463190761815]}","[10, 1, 2]"
6,"{2: [0.7265280145699251, 0.19948477680650878, 0.9615356389341966], 1: [1.2509771146630586, 0.8489104068460683], 4: [0.13166649602569866], 3: [0.4586826912666625], 0: [0.6864942081303343]}","{2: [0.6809053602084342, 0.6942335487398698, 0.9389685841755524], 1: [0.9768908345976464, 0.9885119809607683], 4: [0.4952976412321301], 3: [0.8072840178838097], 0: [0.9463857909060902]}","{0: [0.0069997066595414], 1: [0.019124515412484108, 0.008976966710258416], 2: [0.021177909870696454, 0.01432630257890411, 0, 0.010297664715851211], 3: [0.02220409633714512, 0.30931451905344803, 0.04257321978480825, 0, 0.009934410196456658, 0], 4: [0.017190005856213903, 0.04090290967699937], 5: [0.10628099227791801, 0]}","[1, 1, 2]"
7,"{3: [0.025152588296159132, 0.06388780394111084, 0.4899158261155227], 2: [0.8002946266837881, 0.8765231384932187], 1: [0.4751576250202066, 0.8489104068460683], 4: [0.21926708091982378], 0: [0.6864942081303343]}","{3: [0.9422361598376328, 0.4644328864719167, 0.8138391163727471], 2: [0.5905432253453732, 0.8993688114828755], 1: [0.7488067890442115, 0.9885119809607683], 4: [0.5034346787465931], 0: [0.9463857909060902]}","{0: [0.0069997066595414], 1: [0.019124515412484108, 0.008976966710258416], 2: [0.031020255948278574, 0.08018477854912447, 0, 0.010297664715851211], 3: [0.02669456912001069, 0.04192898993760979, 0.010453327945232587, 0.30559294828779177], 4: [1.0, 0, 0.2555141998752815, 0, 0.016988816569906712, 0.04213385497466395], 5: [0.0818980233815496, 0]}","[2, 1, 2]"
8,"{3: [0.044985615089447116, 0.06388780394111084, 0.35129552945520315, 0.11879005032539262], 2: [0.8002946266837881, 0.6016312141312935], 1: [0.4751576250202066, 0.78944153960988], 4: [0.216777631628633], 0: [0.6864942081303343]}","{3: [0.9711120179658871, 0.4644328864719167, 0.7305804455351853, 0.5324920397152277], 2: [0.5905432253453732, 0.9196729558421418], 1: [0.7488067890442115, 0.8743451019745608], 4: [0.6077246865377008], 0: [0.9463857909060902]}","{0: [0.0069997066595414], 1: [0.019124515412484108, 0.008976966710258416], 2: [0.031020255948278574, 0.08018477854912447, 0.008882971967875556, 0.04030958563291405], 3: [0.02669456912001069, 0.04192898993760979, 0.018328366351245278, 0.01812029042493674], 4: [0.3792709231635613, 0, 0.2555141998752815, 0, 0, 0.03597462374760133, 0.1777579085596536, 0.08685478646971662], 5: [0, 0.10003075472258048]}","[3, 1, 2]"
9,"{3: [0.040183077212126106, 0.14234604036106854, 0.1828358826395027, 0.11879005032539262], 2: [0.5312268931905108, 0.6600256231719753, 0.5770088682883618], 1: [0.6156520072239707, 0.7024551175176629], 0: [0.6709140452715364]}","{3: [0.9584752111169685, 0.46541319031844935, 0.5543674699918658, 0.5324920397152277], 2: [0.5653746642985388, 0.738499171850284, 0.9222250099044592], 1: [0.8427643105772662, 0.7419247302157442], 0: [0.9466766374629911]}","{0: [0.0069997066595414], 1: [0.0186092605877355, 0.009077907031717842], 2: [0.030378619176191092, 0.045202094057245484, 0.009198698828438863, 0.08484667141117938], 3: [0.03097928111985933, 0.08368503500232675, 0.14488914070846193, 0.05997878502799932, 0.022273402227950528, 0.01812029042493674], 4: [0.5130858961369019, 0, 0, 0.2773554420188532, 0.07788611761478934, 0.10713451789995997, 0.1777579085596536, 0.08685478646971662]}","[5, 1, 2]"
10,"{4: [0.05137857315616092, 0.09435244129666286, 0.07109869997495327], 3: [0.4991523356271755, 0.3031645336752905, 0.1828358826395027, 0.148222130265139], 2: [1.0533481157816909, 0.07967658214776992, 0.5432822615373682], 1: [0.5399693595719323, 0.6872792487597162], 0: [0.6709140452715364]}","{4: [0.9319096194265848, 0.5431732568107734, 0.5110223703457044], 3: [0.6896403348043173, 0.6498651621127034, 0.5543674699918658, 0.5529834656718855], 2: [0.7153888329381011, 0.6054116624088921, 0.8935280615862384], 1: [0.747533238377118, 0.8591942896793727], 0: [0.9466766374629911]}","{0: [0.0069997066595414], 1: [0.0186092605877355, 0.009077907031717842], 2: [0.02635427937340904, 0.07741872220556963, 0.010021311014850383, 0.0543528089319059], 3: [0.019112210541211545, 0.043477088059839596, 0, 0.4086085807970065, 0.022273402227950528, 0.022504941818127042], 4: [0.026970260079897015, 0.9999999999999999, 0, 0.09825657821288433, 0.07788611761478934, 0.10713451789995997, 0.22795589569483604, 0.0893100843150003], 5: [0, 0.2398197872032444, 0.46403440975054927, 0, 0.48170526952657383, 0]}","[7, 1, 2]"
11,"{4: [0.11558326603943142, 0.09138840591594245, 0.0816848974017729], 3: [0.2493446601663005, 0.2691770268209592, 0.10985680590378902, 0.09671062076073497, 0.3023761163712086], 2: [0.991781401505491, 0.07967658214776992, 0.22585710238943005, 0.2735644896775563], 1: [0.5314715727496581, 0.6037737016931891], 0: [0.6693397464101256]}","{4: [0.9542745416901416, 0.4792035709866842, 0.8560791260968882], 3: [0.6336062102303, 0.6952363421756542, 0.4815803199245767, 0.9174431244419311, 0.5389551758344432], 2: [0.826987051956409, 0.6054116624088921, 0.5803224087426241, 0.7154311406350583], 1: [0.7477432651321674, 0.8309464505594788], 0: [0.9430347849048997]}","{0: [0.0069997066595414], 1: [0.018612331491124973, 0.009068968798580709], 2: [0.02680500375248625, 0.07741872220556963, 0.015959129758131175, 0.018632058291482616], 3: [0.024989198781946324, 0.04065440551330841, 0, 0.4086085807970065, 0.05082389849955193, 0.05513925137824238, 0.04863882566460095, 0.13881306094249551], 4: [0.07544803409549897, 0.12203976872571817, 0.10580931245428586, 0, 0, 0.21148378574033871, 0.2354842948124774, 0, 0.23448222433427338, 0.0954174619047166], 5: [0, 0.3545542995650134, 0.42079832765192543, 0, 0, 1.0]}","[10, 1, 2]"
12,"{3: [0.17988383219111034, 0.31287317959891087], 2: [0.6875350946678314, 0.45935827956956615], 1: [0.5567850494341543, 0.5821946661164256], 0: [0.7118788711873315]}","{3: [0.5795437073230031, 0.7104128751826126], 2: [0.7517499970321476, 0.7749164606961205], 1: [0.7381581340158301, 0.9072712501304573], 0: [0.9382209101284693]}","{0: [0.006737603734278664], 1: [0.01844291167684777, 0.007550738924814985], 2: [0.03400757355880914, 0.029564760594391917, 0.009631390776629393, 0.03641816861658409], 3: [0, 0.031247262876585757, 0.06734234192097109, 0.016150312804651304], 4: [0.10001626643025005, 0, 0.04094767625511188, 0.06446799483891591]}","[1, 1, 2]"
13,"{3: [0.17845165324603862, 0.2854007935445542], 2: [0.39583963242719694, 0.8374457977298557, 0.5167878620899018], 1: [0.5567850494341543, 0.4828387523426127], 4: [0.3203895368669603], 0: [0.7118788711873315]}","{3: [0.452800893396295, 0.7634606174281287], 2: [0.8126584571103485, 0.7684676021658768, 0.8449997310154063], 1: [0.7381581340158301, 0.8971093384843797], 4: [0.5936491163051895], 0: [0.9382209101284693]}","{0: [0.006737603734278664], 1: [0.01844291167684777, 0.007550738924814985], 2: [0.03400757355880914, 0.029564760594391917, 0.01450751238102103, 0.017733064527027085], 3: [0.052856574382902054, 0, 0.01261548569061371, 0.14033422826489866, 0.10298686074300631, 0.0293074981725688], 4: [0.1377571856154009, 0, 0.03352653488428585, 0], 5: [0.060156127920118034, 0]}","[2, 1, 2]"
14,"{3: [0.17845165324603862, 0.2854007935445542], 2: [0.39583963242719694, 0.8374457977298557, 0.5167878620899018], 1: [0.5567850494341543, 0.4828387523426127], 4: [0.3616796191720892], 0: [0.7118788711873315]}","{3: [0.452800893396295, 0.7634606174281287], 2: [0.8126584571103485, 0.7684676021658768, 0.8449997310154063], 1: [0.7381581340158301, 0.8971093384843797], 4: [0.5600599689402264], 0: [0.9382209101284693]}","{0: [0.006737603734278664], 1: [0.01844291167684777, 0.007550738924814985], 2: [0.03400757355880914, 0.029564760594391917, 0.01450751238102103, 0.017733064527027085], 3: [0.052856574382902054, 0, 0.01261548569061371, 0.14033422826489866, 0.10298686074300631, 0.0293074981725688], 4: [0.1377571856154009, 0, 0.03352653488428585, 0], 5: [0.054964574940936296, 0.38051609383174967]}","[3, 1, 2]"
15,"{3: [0.17879941379311332, 0.29963677079975676], 2: [0.5055622387637357, 0.7886941573861694, 0.5167878620899018], 1: [0.5567850494341543, 0.4828387523426127], 4: [0.3166036686429284], 0: [0.7118788711873315]}","{3: [0.5442201314689226, 0.7607599364257228], 2: [0.6387471289336886, 0.8514983022966329, 0.8449997310154063], 1: [0.7381581340158301, 0.8971093384843797], 4: [0.5666454864896958], 0: [0.9382209101284693]}","{0: [0.006737603734278664], 1: [0.01844291167684777, 0.007550738924814985], 2: [0.03400757355880914, 0.029564760594391917, 0.01450751238102103, 0.017733064527027085], 3: [0.04537913232899502, 0.11807174411834884, 0.013568185965136537, 0.09726777475789758, 0.10298686074300631, 0.0293074981725688], 4: [0.1365314470870563, 0, 0.03407362784725433, 0], 5: [0.06306732313773737, 0.4387321129373522]}","[5, 1, 2]"
16,"{3: [0.23422275355563033, 0.2224938243688688, 0.30718549428972297, 0.24379233449916682], 2: [0.407416877205467, 0.5537919672636025, 0.4300542517911963], 1: [0.5567850494341543, 0.4828387523426127], 0: [0.7118788711873315]}","{3: [0.5838322698627375, 0.6534227548314132, 0.5368162712036127, 0.5068769895220953], 2: [0.6149443307321789, 0.8435306264685619, 0.8719515740387045], 1: [0.7381581340158301, 0.8971093384843797], 0: [0.9382209101284693]}","{0: [0.006737603734278664], 1: [0.01844291167684777, 0.007550738924814985], 2: [0.03400757355880914, 0.029564760594391917, 0.01450751238102103, 0.017733064527027085], 3: [0.05262949696663967, 0.12228215430974379, 0.021649504552628183, 0.07154665409327311, 0.10742814611449, 0.03575121987507068], 4: [0.12822318426857193, 0, 0.06659938625289165, 0.3465981004830207, 0.1299297974445377, 0, 0.23994344236172782, 0]}","[7, 1, 2]"
17,"{3: [0.23422275355563033, 0.1242927448267287, 0.2062412303795905, 0.07239037074581783, 0.21822795764361055], 2: [0.407416877205467, 0.4534207349032333, 0.2485536018577265], 1: [0.5567850494341543, 0.4828387523426127], 4: [0.11627935334385021], 0: [0.7118788711873315]}","{3: [0.5838322698627375, 0.4799159605826553, 0.5329528623688808, 0.9599119713873703, 0.5218658586138735], 2: [0.6149443307321789, 0.7958546392295247, 0.5949505424569517], 1: [0.7381581340158301, 0.8971093384843797], 4: [0.8512407740829061], 0: [0.9382209101284693]}","{0: [0.006737603734278664], 1: [0.01844291167684777, 0.007550738924814985], 2: [0.03400757355880914, 0.029564760594391917, 0.01450751238102103, 0.017733064527027085], 3: [0.05262949696663967, 0.12228215430974379, 0.02939682303068841, 0.05157707646498075, 0.05476337598261802, 0.07536917931775874], 4: [0.12822318426857193, 0, 0.15842934693496338, 0.16388969473513254, 0.1365998397681609, 0, 0.45832035251892195, 0, 0, 0.18722772137505528], 5: [1.0, 0]}","[10, 1, 2]"
18,"{3: [0.05215429719262323, 0.029875965643570795, 0.44384889978393977], 2: [0.2157048143210227, 0.34500845098835553, 0.7397916427066793], 1: [1.0705143980023315, 0.522832758334893], 5: [0.04723262508065894], 4: [0.34353091346038994], 0: [0.768544780844581]}","{3: [0.6714632543155976, 0.582038163427157, 0.8074742019200537], 2: [0.7611218705661373, 0.7014862132615759, 0.8947081177934633], 1: [0.8658750916179064, 0.7558136063310984], 5: [0.6813816448519875], 4: [0.8189512285906144], 0: [0.9236565320196337]}","{0: [0.00747710645686571], 1: [0.016889836601735993, 0.00853769126147078], 2: [0.01615217752463789, 0.016968115583131053, 0.011991854154051311, 0.07654369771902532], 3: [0.061393252508443, 0.15048253865153075, 0, 0.03286212826195403, 0, 0.013898516279879166], 4: [0.4018681545544658, 0, 0, 0.4769308317699983, 0.08114883529967905, 0.023720311457662662], 5: [0, 0.05597772713370294], 6: [0, 0.48364799712944445]}","[1, 1, 2]"
19,"{2: [0.2157048143210227, 0.0754785335449835, 0.7397916427066793], 1: [1.0705143980023315, 0.522832758334893], 4: [0.11892482540209143, 0.34353091346038994], 5: [0.04723262508065894], 3: [0.44384889978393977], 0: [0.768544780844581]}","{2: [0.7611218705661373, 0.4711402499138814, 0.8947081177934633], 1: [0.8658750916179064, 0.7558136063310984], 4: [0.48111692835391184, 0.8189512285906144], 5: [0.6813816448519875], 3: [0.8074742019200537], 0: [0.9236565320196337]}","{0: [0.00747710645686571], 1: [0.016889836601735993, 0.00853769126147078], 2: [0.01615217752463789, 0.016968115583131053, 0.011991854154051311, 0.07654369771902532], 3: [0.061393252508443, 0.15048253865153075, 0.14753143175808725, 0.15760284880027803, 0, 0.013898516279879166], 4: [0.08114883529967905, 0.023720311457662662], 5: [0.24609942461786896, 0, 0, 0.05597772713370294], 6: [0, 0.48364799712944445]}","[2, 1, 2]"
20,"{2: [0.2157048143210227, 0.0754785335449835, 0.49252912146259137], 1: [1.0705143980023315, 0.522832758334893], 5: [0.13118460143508995], 4: [0.39077586492277205], 3: [0.7920183249999004], 0: [0.768544780844581]}","{2: [0.7611218705661373, 0.4711402499138814, 0.71541385022397], 1: [0.8658750916179064, 0.7558136063310984], 5: [0.5263158269065736], 4: [0.6185027082055898], 3: [0.7442213460565047], 0: [0.9236565320196337]}","{0: [0.00747710645686571], 1: [0.016889836601735993, 0.00853769126147078], 2: [0.01615217752463789, 0.016968115583131053, 0.011991854154051311, 0.07654369771902532], 3: [0.061393252508443, 0.15048253865153075, 0.14753143175808725, 0.15760284880027803, 0.018486095396080038, 0], 4: [0.01838460045869723, 0.12605342929836721], 5: [0.10860912077583619, 0.0345673328935894], 6: [0.12721570340711272, 0]}","[3, 1, 2]"
21,"{4: [0.06989706435316044, 0.20100874653367704], 3: [0.21088585997324902, 0.7902810155250896], 2: [0.4338807225546484, 0.15012640177632547, 0.5087746671275565], 1: [1.3369834200871205, 0.5190271886094628], 5: [0.3252890580919072], 0: [0.7326069571063966]}","{4: [0.948714538225297, 0.6503520321566807], 3: [0.4863783816676404, 0.7397739484686829], 2: [0.9610571256824535, 0.46980970957901386, 0.7160657742427319], 1: [0.9120273190299112, 0.7590690944926815], 5: [0.462683999615282], 0: [0.9182317862053501]}","{0: [0.00747710645686571], 1: [0.017967344789300295, 0.008839416666141141], 2: [0.014131102059053163, 0.03218205366919594, 0.01256717340795339, 0.07695156370981651], 3: [0.03181163315962101, 0.15048253865153075, 0.21041988173585413, 0.11898302001150912, 0.018744609324617238, 0], 4: [0.07367554890000173, 0.27953132593834895, 0.01851052008030931, 0.12605342929836721], 5: [0, 1.0, 0.062102847326327724, 0.13844843271571292], 6: [0, 0.0992474728410012]}","[5, 1, 2]"
22,"{4: [0.08677938678782227, 0.23768066479347608, 0.36969273228404925], 3: [0.2595782126750084, 0.224220547996204, 0.41562311630443477], 2: [0.5117502895587565, 0.16255026657511523, 0.5946450628658408], 1: [0.9646973216393135, 0.5190271886094628], 5: [0.06595751837377474], 0: [0.7326069571063966]}","{4: [0.899033178516643, 0.4730603389163745, 0.5594155366971725], 3: [0.4955256844548702, 0.46693262405260894, 0.8747266886196441], 2: [0.93128475536934, 0.4939629555320536, 0.8723289134713803], 1: [0.9101933362068111, 0.7590690944926815], 5: [0.5303488854855289], 0: [0.9182317862053501]}","{0: [0.00747710645686571], 1: [0.017967344789300295, 0.008839416666141141], 2: [0.019170727219374163, 0.035301688010051714, 0.01256717340795339, 0.07695156370981651], 3: [0.036589466655220775, 0.1110565132703955, 0, 0.10557958771591137, 0.06929256189357333, 0.016269521691194975], 4: [0.09652523272945682, 0.08841918989837799, 0.14976456373625774, 0, 0.05079799741283545, 0.03619737133375519], 5: [0, 1.0, 0, 0.1941878350091241, 0.08306605991122269, 0], 6: [0.5341473999970603, 0]}","[7, 1, 2]"
23,"{4: [0.11990407238450505, 0.3063926194398841, 0.37047092975621915], 3: [0.4315160982291451, 0.23719358476504415, 0.4362014615518628], 2: [0.33374755357031066, 0.0754785335449835, 0.5444904498934484, 0.07278320433280812], 1: [0.9173023743362271, 0.5190271886094628], 5: [0.0552676727486546], 0: [0.7326069571063966]}","{4: [0.9583846309745379, 0.42828453678002293, 0.6185230166067128], 3: [0.6538637301949067, 0.4667129985254521, 0.860792930220583], 2: [0.7818293563335607, 0.4711402499138814, 0.8451997996323197, 0.9458313882648671], 1: [0.8692239063841751, 0.7590690944926815], 5: [0.9040157840025764], 0: [0.9182317862053501]}","{0: [0.00747710645686571], 1: [0.017967344789300295, 0.008839416666141141], 2: [0.02349625878489896, 0.016968115583131053, 0.01256717340795339, 0.07695156370981651], 3: [0.060872916081016755, 0.1110565132703955, 0.14753143175808725, 0.15760284880027803, 0.07184737839028478, 0.01797398838018761, 0, 1.0], 4: [0.4018681545544658, 0.09438679951435985, 0.145268203206498, 0, 0.07595424859449228, 0.0361521340399596], 5: [0, 0.45953461032332943, 0.11671551181532545, 0, 0.06113573869689989, 0.443620062771887], 6: [0, 1.0]}","[10, 1, 2]"
24,"{3: [0.19193882444852914, 0.2722942111396915, 0.6256705365962413], 2: [0.3902305569182365, 0.5955465338451668, 0.03442080984643947], 1: [0.6195157063302138, 0.7086343721433919], 4: [0.2546138207236124], 0: [0.6419558238467548]}","{3: [0.5162842407830538, 0.6534054137794727, 0.8362183597614257], 2: [0.6531972746055915, 0.8641994353135127, 0.6175799087331884], 1: [0.565009647534189, 0.8438405456784989], 4: [0.6646419966311619], 0: [0.922477695593356]}","{0: [0.006896360933532993], 1: [0.02770408956738457, 0.008651964875473612], 2: [0.09287229786123706, 0.02413399826682881, 0.009519799262195297, 0.036614303866691504], 3: [0.0365470996947108, 0, 0.012883681593899297, 0.02956238219588096, 0.45955843814967884, 0], 4: [0.10140859635646446, 0, 0.030557015846563805, 0.16795796208015207, 0, 0.0392625918981879], 5: [0, 0.08031480092091943]}","[1, 1, 2]"
25,"{2: [0.08729961667240628, 0.3902305569182365, 0.8257474488983597, 0.4171566128384911], 3: [0.19193882444852914, 0.34475110809417847, 0.07456592243518104], 1: [0.6195157063302138, 0.5389207195991932], 0: [0.6419558238467548]}","{2: [0.9399963033416374, 0.6531972746055915, 0.7986449876305522, 0.6405171997249808], 3: [0.5162842407830538, 0.8353669440058159, 0.477840683826647], 1: [0.565009647534189, 0.8301857258936464], 0: [0.922477695593356]}","{0: [0.006896360933532993], 1: [0.02770408956738457, 0.008651964875473612], 2: [0.09287229786123706, 0.02413399826682881, 0.01328175932350238, 0.03554133261686731], 3: [0, 1.0, 0.0365470996947108, 0, 0.012539102509150654, 0.05603754560606375, 0.08635743283122364, 0.08334332609872212], 4: [0.10140859635646446, 0, 0.4201710213525, 0.03033617238223341, 0, 0.2804062429090387]}","[2, 1, 2]"
26,"{2: [0.08729961667240628, 0.4687513252616551, 0.8257474488983597, 0.4171566128384911], 3: [0.1958332995371156, 0.34475110809417847, 0.20432009978609522, 0.09494825132393928], 1: [0.6195157063302138, 0.5389207195991932], 0: [0.6419558238467548]}","{2: [0.9399963033416374, 0.6586966663540774, 0.7986449876305522, 0.6405171997249808], 3: [0.5134331617671445, 0.8353669440058159, 0.4572882144827773, 0.5268109260647615], 1: [0.565009647534189, 0.8301857258936464], 0: [0.922477695593356]}","{0: [0.006896360933532993], 1: [0.02770408956738457, 0.008651964875473612], 2: [0.09287229786123706, 0.02413399826682881, 0.01328175932350238, 0.03554133261686731], 3: [0, 1.0, 0.039655735366927035, 0.06611852476597416, 0.012539102509150654, 0.05603754560606375, 0.08635743283122364, 0.08334332609872212], 4: [0.107752277736419, 0, 0.4201710213525, 0.03033617238223341, 0.12864347029398743, 0, 0.40657886181326996, 0]}","[3, 1, 2]"
27,"{2: [0.08710848420270399, 0.2791439766254363, 0.8257474488983597, 0.4171566128384911], 3: [0.04958684457128652, 0.34475110809417847, 0.20432009978609522, 0.09494825132393928], 1: [0.6195157063302138, 0.5389207195991932], 0: [0.6419558238467548]}","{2: [0.9379382895516926, 0.5620060022883945, 0.7986449876305522, 0.6405171997249808], 3: [0.5264860320702416, 0.8353669440058159, 0.4572882144827773, 0.5268109260647615], 1: [0.565009647534189, 0.8301857258936464], 0: [0.922477695593356]}","{0: [0.006896360933532993], 1: [0.02770408956738457, 0.008651964875473612], 2: [0.09287229786123706, 0.02413399826682881, 0.01328175932350238, 0.03554133261686731], 3: [1.0, 0, 0.05415721509406634, 0.09509919690262582, 0.012539102509150654, 0.05603754560606375, 0.08635743283122364, 0.08334332609872212], 4: [0.38554450060472295, 0, 0.4201710213525, 0.03033617238223341, 0.12864347029398743, 0, 0.40657886181326996, 0]}","[5, 1, 2]"
28,"{3: [0.0742390997012141, 0.061771033442436785, 0.28534143535322376, 0.2856015224793025], 2: [0.5450367628961162, 0.42881024640788296, 0.785170877202321], 1: [0.40625285042891746, 0.5733566330893407], 4: [0.19922091767021588, 0.04444099521346593], 0: [0.6090751014664606]}","{3: [0.9093360975782933, 0.8853161598933276, 0.6638467812097579, 0.48868770879656376], 2: [0.5027455151758342, 0.5400517664486992, 0.7550234992245437], 1: [0.7584468656184695, 0.8265970490820296], 4: [0.5411352609195563, 0.9656036427208597], 0: [0.9816398233893324]}","{0: [0.006896360933532993], 1: [0.027006466832592772, 0.009207099863121586], 2: [0.07435289995500252, 0.04809987906584543, 0.013332623536730854, 0.11451176446227569], 3: [0.07069320214783291, 0, 0.17771682464712443, 0.06977285205081947, 0.013670678567033127, 0.042359666082126046], 4: [0, 0.5633686086300737, 1.0, 0, 0.04746234744381397, 0.03560252968153031, 0.16885731741105062, 0.09802192431599047], 5: [0, 0.12958486848953235, 0.40823563305974736, 0]}","[7, 1, 2]"
29,"{3: [0.0959757038416635, 0.05557739463141067, 0.3003627765754317, 0.07476159840050886], 2: [0.3976039950895277, 0.4262310875375643, 0.576259269720661], 1: [0.38918330223636466, 0.5749575804699613], 5: [0.12915890036170052], 4: [0.23859727000895975, 0.056741422345938736], 0: [0.5977308852348713]}","{3: [0.8955480506541292, 0.7763931156279319, 0.6638767787792704, 0.9578370944265047], 2: [0.5006934331937212, 0.5438053078602683, 0.7074350354929485], 1: [0.7460946882167042, 0.8260884108727216], 5: [0.49382211632132367], 4: [0.5475667324453969, 0.8999567428397732], 0: [0.9762123232870207]}","{0: [0.006896360933532993], 1: [0.026363286971401497, 0.009380960345589464], 2: [0.07399388841616152, 0.049278269338768096, 0.013510776230217498, 0.11451176446227569], 3: [0.10716979817170122, 0.28993777139220367, 0.24215994841244254, 0.07158408995739321, 0.01603904623782364, 0.039256570510135994], 4: [0, 1.0, 1.0, 0, 0.04297587935853952, 0.06304905518780127, 0.23510992072147305, 0], 5: [0.12202892483411037, 0.2178710491095701, 0.9833333333333333, 0], 6: [0.39434226980623727, 0]}","[10, 1, 2]"
